evidence_id,source_id,claim,location,confidence,decision_refs
E-001,SRC-001,"Custom create rejects the architecture key and mission run succeeds with null identity",issue body observations 1-3,high,"D-01;D-03"
E-002,SRC-002,"Canonical creation already mints ULID mid8 directory metadata status stream task scaffold and topology",_create_mission_core_impl sections 4-6.5,high,"D-03"
E-003,SRC-003,"Custom run writes mission_type mission_key and mission with validate=False and explicitly tolerates absent mission_id",run_custom_mission _ensure_feature_metadata _read_mission_id,high,"D-03"
E-004,SRC-004,"ResolvedMissionType already carries action template expected-artifact and step-contract projections",ResolvedMissionType dataclass,high,"D-01;D-02"
E-005,SRC-005,"Runtime freezes the selected template and plans later calls from the frozen copy",_freeze_template _load_frozen_template next_step,high,"D-02;D-07"
E-006,SRC-006,"Composition can recreate synthesized custom contracts from the frozen template in a later CLI process",_resolve_runtime_contract_for_step and dispatch fallback,high,"D-02"
E-007,SRC-007,"Expected-artifact manifest already owns artifact key class path blocking and optionality",ExpectedArtifactSpec ExpectedArtifactManifest,high,"D-04"
E-008,SRC-008,"Acceptance distinguishes planning-only lanes but otherwise requires a lane manifest and matrix",_resolve_lanes_manifest_or_stop _evaluate_branch_gate,high,"D-05;D-06"
E-009,SRC-009,"Merge exposes a guarded direct-on-target no-lanes path and preserves merge-ready precondition",merge --skip-lanes help and dispatch,high,"D-05;D-06"
E-010,SRC-010,"Strict retrospective policy buffers completion but atomicity is policy-conditional",_dn_decision_materialize _dn_terminal_retrospective_gate,high,"D-07"
E-011,SRC-011,"Built-in documentation and research acceptance remain a separately proven software-dev artifact-default defect",issue body and regression expectation,high,"D-04;D-06"
E-012,SRC-012,"Attaching a custom run to an existing different-type mission can corrupt canonical type metadata",issue body cause anchors,high,"D-03"
E-013,SRC-013,"The charter ResolvedMissionType convergence is the north-star while legacy full retirement remains #2652",ADR decision and consequences,high,"D-01"
E-014,SRC-014,"D06 requires identity dossier WPs review accept merge retrospective and forbids fabricated host state",consumer_contract.required_capabilities and invariants,high,"D-05;D-08"
