source_id,source_type,title,locator,authority,accessed_at,notes
SRC-001,github-issue,Custom mission runtime lacks canonical lifecycle,https://github.com/spec-kitty/spec-kitty/issues/4983,problem-and-acceptance-authority,2026-09-27,"Stable/current-main black-box evidence and required lifecycle outcome"
SRC-002,source,Canonical mission creation core,src/specify_cli/core/mission_creation.py,implementation-authority,2026-09-27,"Identity dossier topology and scaffold transaction"
SRC-003,source,Custom mission run command,src/specify_cli/mission_loader/command.py,current-defect-path,2026-09-27,"Null identity and permissive metadata writer"
SRC-004,source,Resolved mission-type context,src/charter/activation/mission_type_profiles.py,canonical-type-authority,2026-09-27,"Activated type and lazy projections"
SRC-005,source,Runtime engine,src/runtime/next/_internal_runtime/engine.py,runtime-state-authority,2026-09-27,"Frozen template and snapshot/event writes"
SRC-006,source,Runtime composition bridge,src/runtime/next/runtime_bridge_composition.py,runtime-composition-authority,2026-09-27,"Cross-process contract reconstruction from frozen template"
SRC-007,source,Expected artifact manifest schema,src/charter/offering/missions/expected_artifact_manifest.py,artifact-schema-authority,2026-09-27,"Artifact roles and blocking requirements"
SRC-008,source,Acceptance lane gates,src/specify_cli/acceptance/gates_core.py,acceptance-behavior-authority,2026-09-27,"Lane manifest and planning-only behavior"
SRC-009,source,Merge command,src/specify_cli/cli/commands/merge.py,merge-entry-authority,2026-09-27,"Direct-on-target and lane merge routes"
SRC-010,source,Runtime retrospective terminus,src/runtime/next/runtime_bridge.py,terminal-reduction-authority,2026-09-27,"Buffered strict-policy rollback and current atomicity boundary"
SRC-011,github-issue,Accept hard-requires software-dev artifact triple,https://github.com/spec-kitty/spec-kitty/issues/4906,adjacent-boundary,2026-09-27,"Separate built-in acceptance defect; avoid false closure claim"
SRC-012,github-issue,Mission run overwrites existing mission type,https://github.com/spec-kitty/spec-kitty/issues/4965,adjacent-boundary,2026-09-27,"Same run-start path; immutable type attach invariant"
SRC-013,adr,Canonical mission-type source,docs/adr/3.x/2026-09-20-1-canonical-mission-type-source.md,architectural-decision,2026-09-27,"Charter convergence direction and #2652 boundary"
SRC-014,downstream-contract,D03 to D06 runtime integration handoff,MOES-Media/spec-kitty-architecture-pack:architecture-mission/contracts/d06-runtime-integration-handoff.yaml,architecture-pack-dependency,2026-09-27,"Required host capabilities and no-fabricated-state invariant"
SRC-015,black-box-probe,Activated custom lifecycle base-revision probe,research.md evidence map E-01A/E-01B,first-hand-runtime-evidence,2026-09-27,"Fresh local consumer using checkout CLI; public-safe outcomes record activation controls canonical identity cross-process routing and remaining lifecycle failures"
