workflow,week_start,pr_runs,green_runs,green_median_min,green_p90_min
ci-quality.yml,2026-07-27,24,0,,
ci-quality.yml,2026-08-03,144,0,,
ci-quality.yml,2026-08-10,325,67,7.5,20.9
ci-quality.yml,2026-08-17,224,86,20.0,29.6
ci-quality.yml,2026-08-24,172,84,21.2,33.0
ci-quality.yml,2026-08-31,142,88,14.3,28.4
ci-quality.yml,2026-09-07,329,274,3.0,39.3
ci-quality.yml,2026-09-14,541,490,1.2,28.9
ci-quality.yml,2026-09-21,347,329,1.1,1.6
ci-quality.yml,2026-09-28,491,445,1.2,2.0
ci-quality.yml,2026-10-05,20,20,1.1,1.3
ci.yml,2026-08-31,30,0,,
ci.yml,2026-09-07,164,0,,
