run_id,event,created_at,date,conclusion,duration_min,jobs_total,jobs_red,red_jobs,runner_min
34307451537,schedule,2026-09-09T03:31:27Z,2026-09-09,success,131.97,3,0,,13.7
34433645881,schedule,2026-09-10T03:31:19Z,2026-09-10,success,11.03,3,0,,14.0
34558734735,schedule,2026-09-11T03:31:00Z,2026-09-11,success,32.53,3,0,,35.4
34670523508,schedule,2026-09-12T03:30:02Z,2026-09-12,success,49.63,3,0,,52.6
34735693119,schedule,2026-09-13T03:31:17Z,2026-09-13,success,43.37,3,0,,46.2
34803070050,schedule,2026-09-14T03:34:34Z,2026-09-14,success,46.6,3,0,,49.2
34925359382,schedule,2026-09-15T03:32:14Z,2026-09-15,success,48.45,3,0,,50.6
35052155441,schedule,2026-09-16T03:32:01Z,2026-09-16,failure,49.38,41,2,"Interpreter matrix (Python 3.13, nightly-only, FR-021); Performance + heavy e2e (nightly-only,",523.1
35178513951,schedule,2026-09-17T03:31:54Z,2026-09-17,failure,45.68,41,2,"Interpreter matrix (Python 3.13, nightly-only, FR-021); Performance + heavy e2e (nightly-only,",555.6
35303505691,schedule,2026-09-18T03:31:07Z,2026-09-18,failure,62.18,41,2,"Interpreter matrix (Python 3.13, nightly-only, FR-021); Performance + heavy e2e + stress (nightly-only,",527.5
35418733378,schedule,2026-09-19T03:30:27Z,2026-09-19,failure,65.25,41,2,"Interpreter matrix (Python 3.13, nightly-only, FR-021); Performance + heavy e2e + stress (nightly-only,",534.4
35486813855,schedule,2026-09-20T03:31:54Z,2026-09-20,failure,47.55,42,2,"Interpreter matrix (Python 3.13, nightly-only, FR-021); Performance + heavy e2e + stress (nightly-only,",555.7
35557999753,schedule,2026-09-21T03:34:57Z,2026-09-21,failure,65.52,42,2,"Interpreter matrix (Python 3.13, nightly-only, FR-021); Performance + heavy e2e + stress (nightly-only,",577.7
35683539593,schedule,2026-09-22T03:32:36Z,2026-09-22,failure,65.18,42,2,"Interpreter matrix (Python 3.13, nightly-only, FR-021); Performance + heavy e2e + stress (nightly-only,",528.7
35756657364,workflow_dispatch,2026-09-22T16:49:30Z,2026-09-22,failure,31.87,44,2,"Interpreter matrix (Python 3.13, nightly-only, FR-021); Performance suite (nightly-only,",531.0
35778042008,workflow_dispatch,2026-09-22T20:05:54Z,2026-09-22,cancelled,62.08,42,2,"Interpreter matrix (Python 3.13, nightly-only, FR-021); Performance + heavy e2e + stress (nightly-only,",623.3
35781833461,workflow_dispatch,2026-09-22T20:40:41Z,2026-09-22,failure,42.18,44,2,"Interpreter matrix (Python 3.13, nightly-only, FR-021); Performance suite (nightly-only,",524.8
35788021368,workflow_dispatch,2026-09-22T21:40:15Z,2026-09-22,cancelled,65.23,42,2,"Interpreter matrix (Python 3.13, nightly-only, FR-021); Performance + heavy e2e + stress (nightly-only,",608.9
35814752502,schedule,2026-09-23T03:32:48Z,2026-09-23,failure,65.17,42,2,"Interpreter matrix (Python 3.13, nightly-only, FR-021); Performance + heavy e2e + stress (nightly-only,",581.7
35951855217,schedule,2026-09-24T03:32:14Z,2026-09-24,failure,55.17,44,2,"Interpreter matrix (Python 3.13, nightly-only, FR-021); Performance suite (nightly-only,",526.9
36090712443,schedule,2026-09-25T03:31:37Z,2026-09-25,failure,55.15,44,2,"Interpreter matrix (Python 3.13, nightly-only, FR-021); Performance suite (nightly-only,",545.6
36215053547,schedule,2026-09-26T03:31:13Z,2026-09-26,failure,55.18,44,2,"Interpreter matrix (Python 3.13, nightly-only, FR-021); Performance suite (nightly-only,",554.6
36225024230,workflow_dispatch,2026-09-26T06:51:47Z,2026-09-26,failure,55.18,45,3,"Integration + next suite (nightly-only,; Interpreter matrix (Python 3.13, nightly-only, FR-021); Performance suite (nightly-only,",551.3
36291778285,schedule,2026-09-27T03:33:57Z,2026-09-27,failure,55.15,45,3,"Integration + next suite (nightly-only,; Interpreter matrix (Python 3.13, nightly-only, FR-021); Performance suite (nightly-only,",550.8
36294808024,workflow_dispatch,2026-09-27T04:36:39Z,2026-09-27,failure,49.87,47,3,"Integration + next suite (nightly-only,; Interpreter matrix shard 3 (Python 3.13, nightly-only, FR-021); Performance suite (nightly-only,",593.6
36300726806,workflow_dispatch,2026-09-27T06:39:11Z,2026-09-27,failure,30.95,50,4,"Integration + next suite (nightly-only,; Interpreter matrix shard 3 (Python 3.13, nightly-only, FR-021); Interpreter matrix shard 4 (Python 3.13, nightly-only, FR-021); Performance suite (nightly-only,",570.7
36374561241,schedule,2026-09-28T03:39:18Z,2026-09-28,failure,55.17,46,4,"Integration + next suite (nightly-only,; Interpreter matrix (Python 3.13, nightly-only, FR-021); Performance suite (nightly-only,; specify_cli out-of-matrix trees (nightly-only,",602.3
36393904544,workflow_dispatch,2026-09-28T07:50:59Z,2026-09-28,failure,32.05,51,6,"Integration + next suite (nightly-only,; Interpreter matrix shard 3 (Python 3.13, nightly-only, FR-021); Interpreter matrix shard 4 (Python 3.13, nightly-only, FR-021); Interpreter matrix shard 6 (Python 3.13, nightly-only, FR-021); Performance suite (nightly-only,; specify_cli out-of-matrix trees (nightly-only,",638.2
36482214935,workflow_dispatch,2026-09-28T20:52:11Z,2026-09-28,failure,37.15,51,6,"Integration + next suite (nightly-only,; Interpreter matrix shard 3 (Python 3.13, nightly-only, FR-021); Interpreter matrix shard 5 (Python 3.13, nightly-only, FR-021); Interpreter matrix shard 6 (Python 3.13, nightly-only, FR-021); Performance suite (nightly-only,; specify_cli out-of-matrix trees (nightly-only,",642.4
36517786727,schedule,2026-09-29T03:35:07Z,2026-09-29,failure,34.12,51,5,"Integration + next suite (nightly-only,; Interpreter matrix shard 3 (Python 3.13, nightly-only, FR-021); Interpreter matrix shard 5 (Python 3.13, nightly-only, FR-021); Interpreter matrix shard 6 (Python 3.13, nightly-only, FR-021); specify_cli out-of-matrix trees (nightly-only,",602.8
36553997695,workflow_dispatch,2026-09-29T10:11:20Z,2026-09-29,failure,45.63,51,3,"Interpreter matrix shard 2 (Python 3.13, nightly-only, FR-021); Interpreter matrix shard 4 (Python 3.13, nightly-only, FR-021); specify_cli out-of-matrix trees (nightly-only,",635.4
36665110744,schedule,2026-09-30T03:35:46Z,2026-09-30,failure,46.88,53,4,"Integration + next suite (nightly-only,; Interpreter matrix shard 3 (Python 3.13, nightly-only, FR-021); Performance suite (nightly-only,; specify_cli out-of-matrix trees (nightly-only,",734.4
36811585861,schedule,2026-10-01T03:40:21Z,2026-10-01,failure,46.9,53,6,"Integration + next suite (nightly-only,; Interpreter matrix shard 3 (Python 3.13, nightly-only, FR-021); Interpreter matrix shard 4 (Python 3.13, nightly-only, FR-021); Interpreter matrix shard 6 (Python 3.13, nightly-only, FR-021); Performance suite (nightly-only,; specify_cli out-of-matrix trees (nightly-only,",776.6
36920764277,workflow_dispatch,2026-10-01T20:19:47Z,2026-10-01,failure,24.08,55,3,"Interpreter matrix shard 3 (Python 3.13, nightly-only, FR-021); Performance suite (nightly-only,; specify_cli out-of-matrix trees (nightly-only,",460.8
36960774283,schedule,2026-10-02T03:34:31Z,2026-10-02,failure,18.17,54,4,"Interpreter matrix shard 3 (Python 3.13, nightly-only, FR-021); Interpreter matrix shard 4 (Python 3.13, nightly-only, FR-021); Performance suite (nightly-only,; specify_cli out-of-matrix trees (nightly-only,",407.8
37094126479,schedule,2026-10-03T03:42:53Z,2026-10-03,failure,24.22,54,4,"Interpreter matrix shard 3 (Python 3.13, nightly-only, FR-021); Interpreter matrix shard 4 (Python 3.13, nightly-only, FR-021); Performance suite (nightly-only,; specify_cli out-of-matrix trees (nightly-only,",387.5
37177460494,schedule,2026-10-04T04:35:41Z,2026-10-04,failure,24.73,55,6,"Integration + next suite (nightly-only,; Integration marker slice (nightly-only); Interpreter matrix shard 3 (Python 3.13, nightly-only, FR-021); Performance suite (nightly-only,; Stress suite (nightly-only,; specify_cli out-of-matrix trees (nightly-only,",414.0
37225822329,workflow_dispatch,2026-10-04T18:48:05Z,2026-10-04,failure,23.23,57,4,"Integration + next suite (nightly-only,; Interpreter matrix shard 3 (Python 3.13, nightly-only, FR-021); Performance suite (nightly-only,; specify_cli out-of-matrix trees (nightly-only,",461.0
37260536294,schedule,2026-10-05T03:43:05Z,2026-10-05,failure,24.15,57,5,"Integration + next suite (nightly-only,; Interpreter matrix shard 3 (Python 3.13, nightly-only, FR-021); Interpreter matrix shard 4 (Python 3.13, nightly-only, FR-021); Performance suite (nightly-only,; specify_cli out-of-matrix trees (nightly-only,",438.4
