date,green_runs,median_min,p90_min,median_shards_executed,median_longest_shard_min,median_shard_runner_min
2026-09-15,75,30.4,71.1,36,25.6,431.5
2026-09-16,65,25.5,34.4,7,22.4,106.3
2026-09-17,27,26.4,32.0,10,23.9,155.1
2026-09-18,25,25.9,36.2,7,20.5,132.3
2026-09-19,14,25.0,32.5,8.5,23.2,142.6
2026-09-20,28,23.7,26.7,6.0,21.0,94.6
2026-09-21,38,24.1,34.5,6.0,20.5,91.8
2026-09-22,28,24.6,51.7,5.0,21.0,95.5
2026-09-23,34,24.1,33.6,9.0,20.7,140.4
2026-09-24,20,23.0,26.5,13.0,21.1,182.0
2026-09-26,47,21.3,32.8,7,19.6,104.0
2026-09-27,62,27.7,34.2,16.0,23.4,197.7
2026-09-28,42,31.4,37.0,8.0,26.9,128.7
2026-09-29,58,31.3,42.0,12.0,28.6,194.0
2026-09-30,51,34.6,51.2,14,31.3,228.9
2026-10-01,47,20.0,37.3,13,13.9,95.9
2026-10-02,17,10.9,11.8,2,7.7,8.7
2026-10-03,44,11.2,12.7,2.0,8.7,9.4
2026-10-04,58,13.9,20.1,11.0,9.8,80.6
