date,window_green_runs,median_min,p90_min,median_shards_executed,median_longest_shard_min,median_shard_runner_min
2026-09-15,100,29.6,76.5,36.0,22.9,193.6
2026-09-16,178,25.6,63.5,7.0,22.0,115.4
2026-09-17,218,25.6,62.4,7.0,21.9,110.1
2026-09-18,244,25.6,62.2,7.0,21.6,110.9
2026-09-19,262,25.5,60.2,7.0,21.5,110.1
2026-09-20,293,25.0,55.3,7,21.4,106.1
2026-09-21,327,24.4,45.7,6,20.9,104.0
2026-09-22,271,24.1,32.9,6,20.6,95.2
2026-09-23,236,23.8,33.0,6.0,20.4,92.6
2026-09-24,216,23.7,32.9,6.0,20.4,94.3
2026-09-25,198,23.7,32.5,6.0,20.3,89.6
2026-09-26,234,23.3,32.7,6.0,20.0,88.7
2026-09-27,282,23.1,33.6,6.5,19.9,92.8
2026-09-28,288,23.9,34.5,7.0,19.9,98.9
2026-09-29,317,24.3,36.9,8,20.5,115.2
2026-09-30,341,25.7,39.6,9,21.6,114.2
2026-10-01,380,24.3,38.9,8.0,18.8,107.7
2026-10-02,390,23.7,38.9,7.5,17.9,97.5
2026-10-03,421,17.0,38.9,6,8.8,52.1
2026-10-04,413,13.0,38.5,6,8.8,36.0
